timestamp;algorithm;structure;size;dataType;distribution;iterations;pivot;shellParam;type;duration_us;;;;;;
19.04.2026 18:01;QuickSort;Array;10000;int;Random;50;Middle;Unknown;SINGLE;1493;;;;;;
19.04.2026 18:01;QuickSort;Array;10000;int;Random;50;Middle;Unknown;SINGLE;1482;;;;;;
19.04.2026 18:01;QuickSort;Array;10000;int;Random;50;Middle;Unknown;SINGLE;1475;;;;;;
19.04.2026 18:01;QuickSort;Array;10000;int;Random;50;Middle;Unknown;SINGLE;1481;;;;;;
19.04.2026 18:01;QuickSort;Array;10000;int;Random;50;Middle;Unknown;SINGLE;1480;;;;;;
19.04.2026 18:01;QuickSort;Array;10000;int;Random;50;Middle;Unknown;SINGLE;1475;;;;;;
19.04.2026 18:01;QuickSort;Array;10000;int;Random;50;Middle;Unknown;SINGLE;1519;;;;;;
19.04.2026 18:01;QuickSort;Array;10000;int;Random;50;Middle;Unknown;SINGLE;1476;;;;;;
19.04.2026 18:01;QuickSort;Array;10000;int;Random;50;Middle;Unknown;SINGLE;1478;;;;;;
19.04.2026 18:01;QuickSort;Array;10000;int;Random;50;Middle;Unknown;SINGLE;1481;;;;;;
19.04.2026 18:01;QuickSort;Array;10000;int;Random;50;Middle;Unknown;SINGLE;1513;;;;;;
19.04.2026 18:01;QuickSort;Array;10000;int;Random;50;Middle;Unknown;SINGLE;1471;;;;;;
19.04.2026 18:01;QuickSort;Array;10000;int;Random;50;Middle;Unknown;SINGLE;1476;;;;;;
19.04.2026 18:01;QuickSort;Array;10000;int;Random;50;Middle;Unknown;SINGLE;1474;;;;;;
19.04.2026 18:01;QuickSort;Array;10000;int;Random;50;Middle;Unknown;SINGLE;1479;;;;;;
19.04.2026 18:01;QuickSort;Array;10000;int;Random;50;Middle;Unknown;SINGLE;1478;;;;;;
19.04.2026 18:01;QuickSort;Array;10000;int;Random;50;Middle;Unknown;SINGLE;1526;;;;;;
19.04.2026 18:01;QuickSort;Array;10000;int;Random;50;Middle;Unknown;SINGLE;1475;;;;;;
19.04.2026 18:01;QuickSort;Array;10000;int;Random;50;Middle;Unknown;SINGLE;1480;;;;;;
19.04.2026 18:01;QuickSort;Array;10000;int;Random;50;Middle;Unknown;SINGLE;1479;;;;;;
19.04.2026 18:01;QuickSort;Array;10000;int;Random;50;Middle;Unknown;SINGLE;1535;;;;;;
19.04.2026 18:01;QuickSort;Array;10000;int;Random;50;Middle;Unknown;SINGLE;1483;;;;;;
19.04.2026 18:01;QuickSort;Array;10000;int;Random;50;Middle;Unknown;SINGLE;1471;;;;;;
19.04.2026 18:01;QuickSort;Array;10000;int;Random;50;Middle;Unknown;SINGLE;1483;;;;;;
19.04.2026 18:01;QuickSort;Array;10000;int;Random;50;Middle;Unknown;SINGLE;1474;;;;;;
19.04.2026 18:01;QuickSort;Array;10000;int;Random;50;Middle;Unknown;SINGLE;1478;;;;;;
19.04.2026 18:01;QuickSort;Array;10000;int;Random;50;Middle;Unknown;SINGLE;1532;;;;;;
19.04.2026 18:01;QuickSort;Array;10000;int;Random;50;Middle;Unknown;SINGLE;1485;;;;;;
19.04.2026 18:01;QuickSort;Array;10000;int;Random;50;Middle;Unknown;SINGLE;1475;;;;;;
19.04.2026 18:01;QuickSort;Array;10000;int;Random;50;Middle;Unknown;SINGLE;1477;;
19.04.2026 18:01;QuickSort;Array;10000;int;Random;50;Middle;Unknown;SINGLE;1500;;
19.04.2026 18:01;QuickSort;Array;10000;int;Random;50;Middle;Unknown;SINGLE;1475;;;;;;
19.04.2026 18:01;QuickSort;Array;10000;int;Random;50;Middle;Unknown;SINGLE;1476;;;;;;
19.04.2026 18:01;QuickSort;Array;10000;int;Random;50;Middle;Unknown;SINGLE;1476;;;;;;
19.04.2026 18:01;QuickSort;Array;10000;int;Random;50;Middle;Unknown;SINGLE;1478;;;;;;
19.04.2026 18:01;QuickSort;Array;10000;int;Random;50;Middle;Unknown;SINGLE;1472;;;;;;
19.04.2026 18:01;QuickSort;Array;10000;int;Random;50;Middle;Unknown;SINGLE;1624;;;;;;
19.04.2026 18:01;QuickSort;Array;10000;int;Random;50;Middle;Unknown;SINGLE;1492;;;;;;
19.04.2026 18:01;QuickSort;Array;10000;int;Random;50;Middle;Unknown;SINGLE;1474;;;;;;
19.04.2026 18:01;QuickSort;Array;10000;int;Random;50;Middle;Unknown;SINGLE;1479;;;;;;
19.04.2026 18:01;QuickSort;Array;10000;int;Random;50;Middle;Unknown;SINGLE;1468;;;;;;
19.04.2026 18:01;QuickSort;Array;10000;int;Random;50;Middle;Unknown;SINGLE;1469;;;;;;
19.04.2026 18:01;QuickSort;Array;10000;int;Random;50;Middle;Unknown;SINGLE;1471;;;;;;
19.04.2026 18:01;QuickSort;Array;10000;int;Random;50;Middle;Unknown;SINGLE;1465;;;;;;
19.04.2026 18:01;QuickSort;Array;10000;int;Random;50;Middle;Unknown;SINGLE;1471;;;;;;
19.04.2026 18:01;QuickSort;Array;10000;int;Random;50;Middle;Unknown;SINGLE;1472;;;;;;
19.04.2026 18:01;QuickSort;Array;10000;int;Random;50;Middle;Unknown;SINGLE;1477;;;;;;
19.04.2026 18:01;QuickSort;Array;10000;int;Random;50;Middle;Unknown;SINGLE;1500;;;;;;
19.04.2026 18:01;QuickSort;Array;10000;int;Random;50;Middle;Unknown;SINGLE;1484;;;;;;
19.04.2026 18:01;QuickSort;Array;10000;int;Random;50;Middle;Unknown;SINGLE;1524;;;;;;
;;;;;;;;;AVG;1486;;;;;;
;;;;;;;;;MIN;1465;;;;;;
;;;;;;;;;MAX;1624;;;;;;
19.04.2026 18:01;QuickSort;SinglyList;10000;int;Random;50;Middle;Unknown;SINGLE;1764;;;;;;
19.04.2026 18:01;QuickSort;SinglyList;10000;int;Random;50;Middle;Unknown;SINGLE;1748;;;;;;
19.04.2026 18:01;QuickSort;SinglyList;10000;int;Random;50;Middle;Unknown;SINGLE;1642;;;;;;
19.04.2026 18:01;QuickSort;SinglyList;10000;int;Random;50;Middle;Unknown;SINGLE;1708;;;;;;
19.04.2026 18:01;QuickSort;SinglyList;10000;int;Random;50;Middle;Unknown;SINGLE;2139;;;;;;
19.04.2026 18:01;QuickSort;SinglyList;10000;int;Random;50;Middle;Unknown;SINGLE;1688;;;;;;
19.04.2026 18:01;QuickSort;SinglyList;10000;int;Random;50;Middle;Unknown;SINGLE;1613;;;;;;
19.04.2026 18:01;QuickSort;SinglyList;10000;int;Random;50;Middle;Unknown;SINGLE;1661;;;;;;
19.04.2026 18:01;QuickSort;SinglyList;10000;int;Random;50;Middle;Unknown;SINGLE;1729;;;;;;
19.04.2026 18:01;QuickSort;SinglyList;10000;int;Random;50;Middle;Unknown;SINGLE;1628;;;;;;
19.04.2026 18:01;QuickSort;SinglyList;10000;int;Random;50;Middle;Unknown;SINGLE;1635;;;;;;
19.04.2026 18:01;QuickSort;SinglyList;10000;int;Random;50;Middle;Unknown;SINGLE;1734;;;;;;
19.04.2026 18:01;QuickSort;SinglyList;10000;int;Random;50;Middle;Unknown;SINGLE;2864;;;;;;
19.04.2026 18:01;QuickSort;SinglyList;10000;int;Random;50;Middle;Unknown;SINGLE;1660;;;;;;
19.04.2026 18:01;QuickSort;SinglyList;10000;int;Random;50;Middle;Unknown;SINGLE;1683;;;;;;
19.04.2026 18:01;QuickSort;SinglyList;10000;int;Random;50;Middle;Unknown;SINGLE;1680;;;;;;
19.04.2026 18:01;QuickSort;SinglyList;10000;int;Random;50;Middle;Unknown;SINGLE;1646;;;;;;
19.04.2026 18:01;QuickSort;SinglyList;10000;int;Random;50;Middle;Unknown;SINGLE;1588;;;;;;
19.04.2026 18:01;QuickSort;SinglyList;10000;int;Random;50;Middle;Unknown;SINGLE;1593;;;;;;
19.04.2026 18:01;QuickSort;SinglyList;10000;int;Random;50;Middle;Unknown;SINGLE;1595;;;;;;
19.04.2026 18:01;QuickSort;SinglyList;10000;int;Random;50;Middle;Unknown;SINGLE;1617;;;;;;
19.04.2026 18:01;QuickSort;SinglyList;10000;int;Random;50;Middle;Unknown;SINGLE;1591;;;;;;
19.04.2026 18:01;QuickSort;SinglyList;10000;int;Random;50;Middle;Unknown;SINGLE;1590;;;;;;
19.04.2026 18:01;QuickSort;SinglyList;10000;int;Random;50;Middle;Unknown;SINGLE;1648;;;;;;
19.04.2026 18:01;QuickSort;SinglyList;10000;int;Random;50;Middle;Unknown;SINGLE;1696;;;;;;
19.04.2026 18:01;QuickSort;SinglyList;10000;int;Random;50;Middle;Unknown;SINGLE;1593;;;;;;
19.04.2026 18:01;QuickSort;SinglyList;10000;int;Random;50;Middle;Unknown;SINGLE;1591;;;;;;
19.04.2026 18:01;QuickSort;SinglyList;10000;int;Random;50;Middle;Unknown;SINGLE;1667;;;;;;
19.04.2026 18:01;QuickSort;SinglyList;10000;int;Random;50;Middle;Unknown;SINGLE;1642;;;;;;
19.04.2026 18:01;QuickSort;SinglyList;10000;int;Random;50;Middle;Unknown;SINGLE;1588;;;;;;
19.04.2026 18:01;QuickSort;SinglyList;10000;int;Random;50;Middle;Unknown;SINGLE;1594;;;;;;
19.04.2026 18:01;QuickSort;SinglyList;10000;int;Random;50;Middle;Unknown;SINGLE;1699;;;;;;
19.04.2026 18:01;QuickSort;SinglyList;10000;int;Random;50;Middle;Unknown;SINGLE;1669;;;;;;
19.04.2026 18:01;QuickSort;SinglyList;10000;int;Random;50;Middle;Unknown;SINGLE;1591;;;;;;
19.04.2026 18:01;QuickSort;SinglyList;10000;int;Random;50;Middle;Unknown;SINGLE;1595;;;;;;
19.04.2026 18:01;QuickSort;SinglyList;10000;int;Random;50;Middle;Unknown;SINGLE;1807;;;;;;
19.04.2026 18:01;QuickSort;SinglyList;10000;int;Random;50;Middle;Unknown;SINGLE;1749;;;;;;
19.04.2026 18:01;QuickSort;SinglyList;10000;int;Random;50;Middle;Unknown;SINGLE;1686;;;;;;
19.04.2026 18:01;QuickSort;SinglyList;10000;int;Random;50;Middle;Unknown;SINGLE;1633;;;;;;
19.04.2026 18:01;QuickSort;SinglyList;10000;int;Random;50;Middle;Unknown;SINGLE;1653;;;;;;
19.04.2026 18:01;QuickSort;SinglyList;10000;int;Random;50;Middle;Unknown;SINGLE;1605;;;;;;
19.04.2026 18:01;QuickSort;SinglyList;10000;int;Random;50;Middle;Unknown;SINGLE;1659;;;;;;
19.04.2026 18:01;QuickSort;SinglyList;10000;int;Random;50;Middle;Unknown;SINGLE;1599;;;;;;
19.04.2026 18:01;QuickSort;SinglyList;10000;int;Random;50;Middle;Unknown;SINGLE;1645;;;;;;
19.04.2026 18:01;QuickSort;SinglyList;10000;int;Random;50;Middle;Unknown;SINGLE;1604;;;;;;
19.04.2026 18:01;QuickSort;SinglyList;10000;int;Random;50;Middle;Unknown;SINGLE;1606;;;;;;
19.04.2026 18:01;QuickSort;SinglyList;10000;int;Random;50;Middle;Unknown;SINGLE;1640;;;;;;
19.04.2026 18:01;QuickSort;SinglyList;10000;int;Random;50;Middle;Unknown;SINGLE;1652;;;;;;
19.04.2026 18:01;QuickSort;SinglyList;10000;int;Random;50;Middle;Unknown;SINGLE;1741;;;;;;
19.04.2026 18:01;QuickSort;SinglyList;10000;int;Random;50;Middle;Unknown;SINGLE;1675;;;;;;
;;;;;;;;;AVG;1686;;;;;;
;;;;;;;;;MIN;1588;;;;;;
;;;;;;;;;MAX;2864;;;;;;
19.04.2026 18:01;QuickSort;DoubleList;10000;int;Random;50;Middle;Unknown;SINGLE;1758;;;;;;
19.04.2026 18:01;QuickSort;DoubleList;10000;int;Random;50;Middle;Unknown;SINGLE;1759;;;;;;
19.04.2026 18:01;QuickSort;DoubleList;10000;int;Random;50;Middle;Unknown;SINGLE;1756;;;;;;
19.04.2026 18:01;QuickSort;DoubleList;10000;int;Random;50;Middle;Unknown;SINGLE;1808;;;;;;
19.04.2026 18:01;QuickSort;DoubleList;10000;int;Random;50;Middle;Unknown;SINGLE;1801;;;;;;
19.04.2026 18:01;QuickSort;DoubleList;10000;int;Random;50;Middle;Unknown;SINGLE;1769;;;;;;
19.04.2026 18:01;QuickSort;DoubleList;10000;int;Random;50;Middle;Unknown;SINGLE;1754;;;;;;
19.04.2026 18:01;QuickSort;DoubleList;10000;int;Random;50;Middle;Unknown;SINGLE;1752;;;;;;
19.04.2026 18:01;QuickSort;DoubleList;10000;int;Random;50;Middle;Unknown;SINGLE;1757;;;;;;
19.04.2026 18:01;QuickSort;DoubleList;10000;int;Random;50;Middle;Unknown;SINGLE;1760;;;;;;
19.04.2026 18:01;QuickSort;DoubleList;10000;int;Random;50;Middle;Unknown;SINGLE;1760;;;;;;
19.04.2026 18:01;QuickSort;DoubleList;10000;int;Random;50;Middle;Unknown;SINGLE;1812;;;;;;
19.04.2026 18:01;QuickSort;DoubleList;10000;int;Random;50;Middle;Unknown;SINGLE;1749;;;;;;
19.04.2026 18:01;QuickSort;DoubleList;10000;int;Random;50;Middle;Unknown;SINGLE;1745;;;;;;
19.04.2026 18:01;QuickSort;DoubleList;10000;int;Random;50;Middle;Unknown;SINGLE;1755;;;;;;
19.04.2026 18:01;QuickSort;DoubleList;10000;int;Random;50;Middle;Unknown;SINGLE;1798;;;;;;
19.04.2026 18:01;QuickSort;DoubleList;10000;int;Random;50;Middle;Unknown;SINGLE;1750;;;;;;
19.04.2026 18:01;QuickSort;DoubleList;10000;int;Random;50;Middle;Unknown;SINGLE;1753;;;;;;
19.04.2026 18:01;QuickSort;DoubleList;10000;int;Random;50;Middle;Unknown;SINGLE;1819;;;;;;
19.04.2026 18:01;QuickSort;DoubleList;10000;int;Random;50;Middle;Unknown;SINGLE;1756;;;;;;
19.04.2026 18:01;QuickSort;DoubleList;10000;int;Random;50;Middle;Unknown;SINGLE;1757;;;;;;
19.04.2026 18:01;QuickSort;DoubleList;10000;int;Random;50;Middle;Unknown;SINGLE;1755;;;;;;
19.04.2026 18:01;QuickSort;DoubleList;10000;int;Random;50;Middle;Unknown;SINGLE;1785;;;;;;
19.04.2026 18:01;QuickSort;DoubleList;10000;int;Random;50;Middle;Unknown;SINGLE;1750;;;;;;
19.04.2026 18:01;QuickSort;DoubleList;10000;int;Random;50;Middle;Unknown;SINGLE;1755;;;;;;
19.04.2026 18:01;QuickSort;DoubleList;10000;int;Random;50;Middle;Unknown;SINGLE;1834;;;;;;
19.04.2026 18:01;QuickSort;DoubleList;10000;int;Random;50;Middle;Unknown;SINGLE;1757;;;;;;
19.04.2026 18:01;QuickSort;DoubleList;10000;int;Random;50;Middle;Unknown;SINGLE;1748;;;;;;
19.04.2026 18:01;QuickSort;DoubleList;10000;int;Random;50;Middle;Unknown;SINGLE;1789;;;;;;
19.04.2026 18:01;QuickSort;DoubleList;10000;int;Random;50;Middle;Unknown;SINGLE;1754;;;;;;
19.04.2026 18:01;QuickSort;DoubleList;10000;int;Random;50;Middle;Unknown;SINGLE;1753;;;;;;
19.04.2026 18:01;QuickSort;DoubleList;10000;int;Random;50;Middle;Unknown;SINGLE;1755;;;;;;
19.04.2026 18:01;QuickSort;DoubleList;10000;int;Random;50;Middle;Unknown;SINGLE;1793;;;;;;
19.04.2026 18:01;QuickSort;DoubleList;10000;int;Random;50;Middle;Unknown;SINGLE;1747;;;;;;
19.04.2026 18:01;QuickSort;DoubleList;10000;int;Random;50;Middle;Unknown;SINGLE;1745;;;;;;
19.04.2026 18:01;QuickSort;DoubleList;10000;int;Random;50;Middle;Unknown;SINGLE;1779;;;;;;
19.04.2026 18:01;QuickSort;DoubleList;10000;int;Random;50;Middle;Unknown;SINGLE;1744;;;;;;
19.04.2026 18:01;QuickSort;DoubleList;10000;int;Random;50;Middle;Unknown;SINGLE;1753;;;;;;
19.04.2026 18:01;QuickSort;DoubleList;10000;int;Random;50;Middle;Unknown;SINGLE;1844;;;;;;
19.04.2026 18:01;QuickSort;DoubleList;10000;int;Random;50;Middle;Unknown;SINGLE;1770;;;;;;
19.04.2026 18:01;QuickSort;DoubleList;10000;int;Random;50;Middle;Unknown;SINGLE;1741;;;;;;
19.04.2026 18:01;QuickSort;DoubleList;10000;int;Random;50;Middle;Unknown;SINGLE;1763;;;;;;
19.04.2026 18:01;QuickSort;DoubleList;10000;int;Random;50;Middle;Unknown;SINGLE;1751;;;;;;
19.04.2026 18:01;QuickSort;DoubleList;10000;int;Random;50;Middle;Unknown;SINGLE;1751;;;;;;
19.04.2026 18:01;QuickSort;DoubleList;10000;int;Random;50;Middle;Unknown;SINGLE;1751;;;;;;
19.04.2026 18:01;QuickSort;DoubleList;10000;int;Random;50;Middle;Unknown;SINGLE;1811;;;;;;
19.04.2026 18:01;QuickSort;DoubleList;10000;int;Random;50;Middle;Unknown;SINGLE;1750;;;;;;
19.04.2026 18:01;QuickSort;DoubleList;10000;int;Random;50;Middle;Unknown;SINGLE;1782;;;;;;
19.04.2026 18:01;QuickSort;DoubleList;10000;int;Random;50;Middle;Unknown;SINGLE;1745;;;;;;
19.04.2026 18:01;QuickSort;DoubleList;10000;int;Random;50;Middle;Unknown;SINGLE;1754;;;;;;
;;;;;;;;;AVG;1766;;;;;;
;;;;;;;;;MIN;1741;;;;;;
;;;;;;;;;MAX;1844;;;;;;
19.04.2026 18:01;QuickSort;Stack;10000;int;Random;50;Middle;Unknown;SINGLE;24900;;;;;;
19.04.2026 18:01;QuickSort;Stack;10000;int;Random;50;Middle;Unknown;SINGLE;24916;;;;;;
19.04.2026 18:01;QuickSort;Stack;10000;int;Random;50;Middle;Unknown;SINGLE;26611;;;;;;
19.04.2026 18:01;QuickSort;Stack;10000;int;Random;50;Middle;Unknown;SINGLE;24939;;;;;;
19.04.2026 18:01;QuickSort;Stack;10000;int;Random;50;Middle;Unknown;SINGLE;25722;;;;;;
19.04.2026 18:01;QuickSort;Stack;10000;int;Random;50;Middle;Unknown;SINGLE;25356;;;;;;
19.04.2026 18:01;QuickSort;Stack;10000;int;Random;50;Middle;Unknown;SINGLE;25503;;;;;;
19.04.2026 18:01;QuickSort;Stack;10000;int;Random;50;Middle;Unknown;SINGLE;28406;;;;;;
19.04.2026 18:01;QuickSort;Stack;10000;int;Random;50;Middle;Unknown;SINGLE;27507;;;;;;
19.04.2026 18:01;QuickSort;Stack;10000;int;Random;50;Middle;Unknown;SINGLE;25373;;;;;;
19.04.2026 18:01;QuickSort;Stack;10000;int;Random;50;Middle;Unknown;SINGLE;25849;;;;;;
19.04.2026 18:01;QuickSort;Stack;10000;int;Random;50;Middle;Unknown;SINGLE;25096;;;;;;
19.04.2026 18:01;QuickSort;Stack;10000;int;Random;50;Middle;Unknown;SINGLE;26563;;;;;;
19.04.2026 18:01;QuickSort;Stack;10000;int;Random;50;Middle;Unknown;SINGLE;27068;;;;;;
19.04.2026 18:01;QuickSort;Stack;10000;int;Random;50;Middle;Unknown;SINGLE;29465;;;;;;
19.04.2026 18:01;QuickSort;Stack;10000;int;Random;50;Middle;Unknown;SINGLE;24959;;;;;;
19.04.2026 18:01;QuickSort;Stack;10000;int;Random;50;Middle;Unknown;SINGLE;25001;;;;;;
19.04.2026 18:01;QuickSort;Stack;10000;int;Random;50;Middle;Unknown;SINGLE;24937;;;;;;
19.04.2026 18:01;QuickSort;Stack;10000;int;Random;50;Middle;Unknown;SINGLE;24806;;;;;;
19.04.2026 18:01;QuickSort;Stack;10000;int;Random;50;Middle;Unknown;SINGLE;25805;;;;;;
19.04.2026 18:01;QuickSort;Stack;10000;int;Random;50;Middle;Unknown;SINGLE;25377;;;;;;
19.04.2026 18:01;QuickSort;Stack;10000;int;Random;50;Middle;Unknown;SINGLE;24984;;;;;;
19.04.2026 18:01;QuickSort;Stack;10000;int;Random;50;Middle;Unknown;SINGLE;25025;;;;;;
19.04.2026 18:01;QuickSort;Stack;10000;int;Random;50;Middle;Unknown;SINGLE;25306;;;;;;
19.04.2026 18:01;QuickSort;Stack;10000;int;Random;50;Middle;Unknown;SINGLE;25256;;;;;;
19.04.2026 18:01;QuickSort;Stack;10000;int;Random;50;Middle;Unknown;SINGLE;25580;;;;;;
19.04.2026 18:01;QuickSort;Stack;10000;int;Random;50;Middle;Unknown;SINGLE;24786;;;;;;
19.04.2026 18:01;QuickSort;Stack;10000;int;Random;50;Middle;Unknown;SINGLE;25014;;;;;;
19.04.2026 18:01;QuickSort;Stack;10000;int;Random;50;Middle;Unknown;SINGLE;26572;;;;;;
19.04.2026 18:01;QuickSort;Stack;10000;int;Random;50;Middle;Unknown;SINGLE;26367;;;;;;
19.04.2026 18:01;QuickSort;Stack;10000;int;Random;50;Middle;Unknown;SINGLE;25154;;;;;;
19.04.2026 18:01;QuickSort;Stack;10000;int;Random;50;Middle;Unknown;SINGLE;24934;;;;;;
19.04.2026 18:01;QuickSort;Stack;10000;int;Random;50;Middle;Unknown;SINGLE;25002;;;;;;
19.04.2026 18:01;QuickSort;Stack;10000;int;Random;50;Middle;Unknown;SINGLE;25313;;;;;;
19.04.2026 18:01;QuickSort;Stack;10000;int;Random;50;Middle;Unknown;SINGLE;25408;;;;;;
19.04.2026 18:01;QuickSort;Stack;10000;int;Random;50;Middle;Unknown;SINGLE;25944;;;;;;
19.04.2026 18:01;QuickSort;Stack;10000;int;Random;50;Middle;Unknown;SINGLE;24981;;;;;;
19.04.2026 18:01;QuickSort;Stack;10000;int;Random;50;Middle;Unknown;SINGLE;26130;;;;;;
19.04.2026 18:01;QuickSort;Stack;10000;int;Random;50;Middle;Unknown;SINGLE;27206;;;;;;
19.04.2026 18:01;QuickSort;Stack;10000;int;Random;50;Middle;Unknown;SINGLE;25277;;;;;;
19.04.2026 18:01;QuickSort;Stack;10000;int;Random;50;Middle;Unknown;SINGLE;25147;;;;;;
19.04.2026 18:01;QuickSort;Stack;10000;int;Random;50;Middle;Unknown;SINGLE;24802;;;;;;
19.04.2026 18:01;QuickSort;Stack;10000;int;Random;50;Middle;Unknown;SINGLE;29280;;;;;;
19.04.2026 18:01;QuickSort;Stack;10000;int;Random;50;Middle;Unknown;SINGLE;25291;;;;;;
19.04.2026 18:01;QuickSort;Stack;10000;int;Random;50;Middle;Unknown;SINGLE;25222;;;;;;
19.04.2026 18:01;QuickSort;Stack;10000;int;Random;50;Middle;Unknown;SINGLE;25718;;;;;;
19.04.2026 18:01;QuickSort;Stack;10000;int;Random;50;Middle;Unknown;SINGLE;25045;;;;;;
19.04.2026 18:01;QuickSort;Stack;10000;int;Random;50;Middle;Unknown;SINGLE;25971;;;;;;
19.04.2026 18:01;QuickSort;Stack;10000;int;Random;50;Middle;Unknown;SINGLE;27277;;;;;;
19.04.2026 18:01;QuickSort;Stack;10000;int;Random;50;Middle;Unknown;SINGLE;26950;;;;;;
;;;;;;;;;AVG;25782;;;;;;
;;;;;;;;;MIN;24786;;;;;;
;;;;;;;;;MAX;29465;;;;;;
19.04.2026 18:01;QuickSort;BinaryTree;10000;int;Random;50;Middle;Unknown;SINGLE;1757;;;;;;
19.04.2026 18:01;QuickSort;BinaryTree;10000;int;Random;50;Middle;Unknown;SINGLE;2089;;;;;;
19.04.2026 18:01;QuickSort;BinaryTree;10000;int;Random;50;Middle;Unknown;SINGLE;1451;;;;;;
19.04.2026 18:01;QuickSort;BinaryTree;10000;int;Random;50;Middle;Unknown;SINGLE;1346;;;;;;
19.04.2026 18:01;QuickSort;BinaryTree;10000;int;Random;50;Middle;Unknown;SINGLE;1349;;;;;;
19.04.2026 18:01;QuickSort;BinaryTree;10000;int;Random;50;Middle;Unknown;SINGLE;1354;;;;;;
19.04.2026 18:01;QuickSort;BinaryTree;10000;int;Random;50;Middle;Unknown;SINGLE;1339;;;;;;
19.04.2026 18:01;QuickSort;BinaryTree;10000;int;Random;50;Middle;Unknown;SINGLE;1337;;;;;;
19.04.2026 18:01;QuickSort;BinaryTree;10000;int;Random;50;Middle;Unknown;SINGLE;1388;;;;;;
19.04.2026 18:01;QuickSort;BinaryTree;10000;int;Random;50;Middle;Unknown;SINGLE;1859;;;;;;
19.04.2026 18:01;QuickSort;BinaryTree;10000;int;Random;50;Middle;Unknown;SINGLE;1379;;;;;;
19.04.2026 18:01;QuickSort;BinaryTree;10000;int;Random;50;Middle;Unknown;SINGLE;1392;;;;;;
19.04.2026 18:01;QuickSort;BinaryTree;10000;int;Random;50;Middle;Unknown;SINGLE;1336;;;;;;
19.04.2026 18:01;QuickSort;BinaryTree;10000;int;Random;50;Middle;Unknown;SINGLE;1351;;;;;;
19.04.2026 18:01;QuickSort;BinaryTree;10000;int;Random;50;Middle;Unknown;SINGLE;1340;;;;;;
19.04.2026 18:01;QuickSort;BinaryTree;10000;int;Random;50;Middle;Unknown;SINGLE;1348;;;;;;
19.04.2026 18:01;QuickSort;BinaryTree;10000;int;Random;50;Middle;Unknown;SINGLE;1366;;;;;;
19.04.2026 18:01;QuickSort;BinaryTree;10000;int;Random;50;Middle;Unknown;SINGLE;1455;;;;;;
19.04.2026 18:01;QuickSort;BinaryTree;10000;int;Random;50;Middle;Unknown;SINGLE;1380;;;;;;
19.04.2026 18:01;QuickSort;BinaryTree;10000;int;Random;50;Middle;Unknown;SINGLE;1397;;;;;;
19.04.2026 18:01;QuickSort;BinaryTree;10000;int;Random;50;Middle;Unknown;SINGLE;1354;;;;;;
19.04.2026 18:01;QuickSort;BinaryTree;10000;int;Random;50;Middle;Unknown;SINGLE;1342;;;;;;
19.04.2026 18:01;QuickSort;BinaryTree;10000;int;Random;50;Middle;Unknown;SINGLE;1342;;;;;;
19.04.2026 18:01;QuickSort;BinaryTree;10000;int;Random;50;Middle;Unknown;SINGLE;1350;;;;;;
19.04.2026 18:01;QuickSort;BinaryTree;10000;int;Random;50;Middle;Unknown;SINGLE;1367;;;;;;
19.04.2026 18:01;QuickSort;BinaryTree;10000;int;Random;50;Middle;Unknown;SINGLE;1349;;;;;;
19.04.2026 18:01;QuickSort;BinaryTree;10000;int;Random;50;Middle;Unknown;SINGLE;1466;;;;;;
19.04.2026 18:01;QuickSort;BinaryTree;10000;int;Random;50;Middle;Unknown;SINGLE;1372;;;;;;
19.04.2026 18:01;QuickSort;BinaryTree;10000;int;Random;50;Middle;Unknown;SINGLE;1390;;;;;;
19.04.2026 18:01;QuickSort;BinaryTree;10000;int;Random;50;Middle;Unknown;SINGLE;1353;;;;;;
19.04.2026 18:01;QuickSort;BinaryTree;10000;int;Random;50;Middle;Unknown;SINGLE;1353;;;;;;
19.04.2026 18:01;QuickSort;BinaryTree;10000;int;Random;50;Middle;Unknown;SINGLE;1354;;;;;;
19.04.2026 18:01;QuickSort;BinaryTree;10000;int;Random;50;Middle;Unknown;SINGLE;1355;;;;;;
19.04.2026 18:01;QuickSort;BinaryTree;10000;int;Random;50;Middle;Unknown;SINGLE;1359;;;;;;
19.04.2026 18:01;QuickSort;BinaryTree;10000;int;Random;50;Middle;Unknown;SINGLE;1371;;;;;;
19.04.2026 18:01;QuickSort;BinaryTree;10000;int;Random;50;Middle;Unknown;SINGLE;1337;;;;;;
19.04.2026 18:01;QuickSort;BinaryTree;10000;int;Random;50;Middle;Unknown;SINGLE;1388;;;;;;
19.04.2026 18:01;QuickSort;BinaryTree;10000;int;Random;50;Middle;Unknown;SINGLE;1358;;;;;;
19.04.2026 18:01;QuickSort;BinaryTree;10000;int;Random;50;Middle;Unknown;SINGLE;1351;;;;;;
19.04.2026 18:01;QuickSort;BinaryTree;10000;int;Random;50;Middle;Unknown;SINGLE;1348;;;;;;
19.04.2026 18:01;QuickSort;BinaryTree;10000;int;Random;50;Middle;Unknown;SINGLE;1344;;;;;;
19.04.2026 18:01;QuickSort;BinaryTree;10000;int;Random;50;Middle;Unknown;SINGLE;1340;;;;;;
19.04.2026 18:01;QuickSort;BinaryTree;10000;int;Random;50;Middle;Unknown;SINGLE;1346;;;;;;
19.04.2026 18:01;QuickSort;BinaryTree;10000;int;Random;50;Middle;Unknown;SINGLE;1343;;;;;;
19.04.2026 18:01;QuickSort;BinaryTree;10000;int;Random;50;Middle;Unknown;SINGLE;1345;;;;;;
19.04.2026 18:01;QuickSort;BinaryTree;10000;int;Random;50;Middle;Unknown;SINGLE;1379;;;;;;
19.04.2026 18:01;QuickSort;BinaryTree;10000;int;Random;50;Middle;Unknown;SINGLE;1371;;;;;;
19.04.2026 18:01;QuickSort;BinaryTree;10000;int;Random;50;Middle;Unknown;SINGLE;1342;;;;;;
19.04.2026 18:01;QuickSort;BinaryTree;10000;int;Random;50;Middle;Unknown;SINGLE;1344;;;;;;
19.04.2026 18:01;QuickSort;BinaryTree;10000;int;Random;50;Middle;Unknown;SINGLE;1346;;;;;;
;;;;;;;;;AVG;1395;;;;;;
;;;;;;;;;MIN;1336;;;;;;
;;;;;;;;;MAX;2089;;;;;;
