timestamp;algorithm;structure;size;dataType;distribution;iterations;pivot;shellParam;type;duration_us;;;;Right;Left;Random;Middle
18.04.2026 23:36;QuickSort;Array;25000;int;Random;50;Random;Unknown;SINGLE;4809;;;AVG;4183;4382;4503;4148
18.04.2026 23:36;QuickSort;Array;25000;int;Random;50;Random;Unknown;SINGLE;4369;;;;;;;
18.04.2026 23:36;QuickSort;Array;25000;int;Random;50;Random;Unknown;SINGLE;4592;;;;;;;
18.04.2026 23:36;QuickSort;Array;25000;int;Random;50;Random;Unknown;SINGLE;4299;;;;;;;
18.04.2026 23:36;QuickSort;Array;25000;int;Random;50;Random;Unknown;SINGLE;4397;;;;;;;
18.04.2026 23:36;QuickSort;Array;25000;int;Random;50;Random;Unknown;SINGLE;4382;;;;;;;
18.04.2026 23:36;QuickSort;Array;25000;int;Random;50;Random;Unknown;SINGLE;4400;;;;;;;
18.04.2026 23:36;QuickSort;Array;25000;int;Random;50;Random;Unknown;SINGLE;4444;;;;;;;
18.04.2026 23:36;QuickSort;Array;25000;int;Random;50;Random;Unknown;SINGLE;4523;;;;;;;
18.04.2026 23:36;QuickSort;Array;25000;int;Random;50;Random;Unknown;SINGLE;4838;;;;;;;
18.04.2026 23:36;QuickSort;Array;25000;int;Random;50;Random;Unknown;SINGLE;4461;;;;;;;
18.04.2026 23:36;QuickSort;Array;25000;int;Random;50;Random;Unknown;SINGLE;4441;;;;;;;
18.04.2026 23:36;QuickSort;Array;25000;int;Random;50;Random;Unknown;SINGLE;5404;;;;;;;
18.04.2026 23:36;QuickSort;Array;25000;int;Random;50;Random;Unknown;SINGLE;4418;;;;;;;
18.04.2026 23:36;QuickSort;Array;25000;int;Random;50;Random;Unknown;SINGLE;4397;;;;;;;
18.04.2026 23:36;QuickSort;Array;25000;int;Random;50;Random;Unknown;SINGLE;4417;;;;;;;
18.04.2026 23:36;QuickSort;Array;25000;int;Random;50;Random;Unknown;SINGLE;4393;;;;;;;
18.04.2026 23:36;QuickSort;Array;25000;int;Random;50;Random;Unknown;SINGLE;4422;;;;;;;
18.04.2026 23:36;QuickSort;Array;25000;int;Random;50;Random;Unknown;SINGLE;4420;;;;;;;
18.04.2026 23:36;QuickSort;Array;25000;int;Random;50;Random;Unknown;SINGLE;4397;;;;;;;
18.04.2026 23:36;QuickSort;Array;25000;int;Random;50;Random;Unknown;SINGLE;4447;;;;;;;
18.04.2026 23:36;QuickSort;Array;25000;int;Random;50;Random;Unknown;SINGLE;4600;;;;;;;
18.04.2026 23:36;QuickSort;Array;25000;int;Random;50;Random;Unknown;SINGLE;4561;;;;;;;
18.04.2026 23:36;QuickSort;Array;25000;int;Random;50;Random;Unknown;SINGLE;4391;;;;;;;
18.04.2026 23:36;QuickSort;Array;25000;int;Random;50;Random;Unknown;SINGLE;4361;;;;;;;
18.04.2026 23:36;QuickSort;Array;25000;int;Random;50;Random;Unknown;SINGLE;4579;;;;;;;
18.04.2026 23:36;QuickSort;Array;25000;int;Random;50;Random;Unknown;SINGLE;4521;;;;;;;
18.04.2026 23:36;QuickSort;Array;25000;int;Random;50;Random;Unknown;SINGLE;4332;;;;;;;
18.04.2026 23:36;QuickSort;Array;25000;int;Random;50;Random;Unknown;SINGLE;4502;;;;;;;
18.04.2026 23:36;QuickSort;Array;25000;int;Random;50;Random;Unknown;SINGLE;4425;;;;;;;
18.04.2026 23:36;QuickSort;Array;25000;int;Random;50;Random;Unknown;SINGLE;4337;;;;;;;
18.04.2026 23:36;QuickSort;Array;25000;int;Random;50;Random;Unknown;SINGLE;4434;;;;;;;
18.04.2026 23:36;QuickSort;Array;25000;int;Random;50;Random;Unknown;SINGLE;4499;;;;;;;
18.04.2026 23:36;QuickSort;Array;25000;int;Random;50;Random;Unknown;SINGLE;4718;;;;;;;
18.04.2026 23:36;QuickSort;Array;25000;int;Random;50;Random;Unknown;SINGLE;4592;;;;;;;
18.04.2026 23:36;QuickSort;Array;25000;int;Random;50;Random;Unknown;SINGLE;4310;;;;;;;
18.04.2026 23:36;QuickSort;Array;25000;int;Random;50;Random;Unknown;SINGLE;4777;;;;;;;
18.04.2026 23:36;QuickSort;Array;25000;int;Random;50;Random;Unknown;SINGLE;4349;;;;;;;
18.04.2026 23:36;QuickSort;Array;25000;int;Random;50;Random;Unknown;SINGLE;4456;;;;;;;
18.04.2026 23:36;QuickSort;Array;25000;int;Random;50;Random;Unknown;SINGLE;4458;;;;;;;
18.04.2026 23:36;QuickSort;Array;25000;int;Random;50;Random;Unknown;SINGLE;4714;;;;;;;
18.04.2026 23:36;QuickSort;Array;25000;int;Random;50;Random;Unknown;SINGLE;4419;;;;;;;
18.04.2026 23:36;QuickSort;Array;25000;int;Random;50;Random;Unknown;SINGLE;4683;;;;;;;
18.04.2026 23:36;QuickSort;Array;25000;int;Random;50;Random;Unknown;SINGLE;4537;;;;;;;
18.04.2026 23:36;QuickSort;Array;25000;int;Random;50;Random;Unknown;SINGLE;4521;;;;;;;
18.04.2026 23:36;QuickSort;Array;25000;int;Random;50;Random;Unknown;SINGLE;4428;;;;;;;
18.04.2026 23:36;QuickSort;Array;25000;int;Random;50;Random;Unknown;SINGLE;4538;;;;;;;
18.04.2026 23:36;QuickSort;Array;25000;int;Random;50;Random;Unknown;SINGLE;4456;;;;;;;
18.04.2026 23:36;QuickSort;Array;25000;int;Random;50;Random;Unknown;SINGLE;4511;;;;;;;
18.04.2026 23:36;QuickSort;Array;25000;int;Random;50;Random;Unknown;SINGLE;4515;;;;;;;
;;;;;;;;;AVG;4503;;;;;;;
;;;;;;;;;MIN;4299;;;;;;;
;;;;;;;;;MAX;5404;;;;;;;
18.04.2026 23:36;QuickSort;Array;25000;int;Random;50;Left;Unknown;SINGLE;4313;;;;;;;
18.04.2026 23:36;QuickSort;Array;25000;int;Random;50;Left;Unknown;SINGLE;4266;;;;;;;
18.04.2026 23:36;QuickSort;Array;25000;int;Random;50;Left;Unknown;SINGLE;4239;;;;;;;
18.04.2026 23:36;QuickSort;Array;25000;int;Random;50;Left;Unknown;SINGLE;5123;;;;;;;
18.04.2026 23:36;QuickSort;Array;25000;int;Random;50;Left;Unknown;SINGLE;4259;;;;;;;
18.04.2026 23:36;QuickSort;Array;25000;int;Random;50;Left;Unknown;SINGLE;4261;;;;;;;
18.04.2026 23:36;QuickSort;Array;25000;int;Random;50;Left;Unknown;SINGLE;4420;;;;;;;
18.04.2026 23:36;QuickSort;Array;25000;int;Random;50;Left;Unknown;SINGLE;4255;;;;;;;
18.04.2026 23:36;QuickSort;Array;25000;int;Random;50;Left;Unknown;SINGLE;4238;;;;;;;
18.04.2026 23:36;QuickSort;Array;25000;int;Random;50;Left;Unknown;SINGLE;4372;;;;;;;
18.04.2026 23:36;QuickSort;Array;25000;int;Random;50;Left;Unknown;SINGLE;4405;;;;;;;
18.04.2026 23:36;QuickSort;Array;25000;int;Random;50;Left;Unknown;SINGLE;4263;;;;;;;
18.04.2026 23:36;QuickSort;Array;25000;int;Random;50;Left;Unknown;SINGLE;4403;;;;;;;
18.04.2026 23:36;QuickSort;Array;25000;int;Random;50;Left;Unknown;SINGLE;4357;;;;;;;
18.04.2026 23:36;QuickSort;Array;25000;int;Random;50;Left;Unknown;SINGLE;4304;;;;;;;
18.04.2026 23:36;QuickSort;Array;25000;int;Random;50;Left;Unknown;SINGLE;4288;;;;;;;
18.04.2026 23:36;QuickSort;Array;25000;int;Random;50;Left;Unknown;SINGLE;4508;;;;;;;
18.04.2026 23:36;QuickSort;Array;25000;int;Random;50;Left;Unknown;SINGLE;4773;;;;;;;
18.04.2026 23:36;QuickSort;Array;25000;int;Random;50;Left;Unknown;SINGLE;4262;;;;;;;
18.04.2026 23:36;QuickSort;Array;25000;int;Random;50;Left;Unknown;SINGLE;4309;;;;;;;
18.04.2026 23:36;QuickSort;Array;25000;int;Random;50;Left;Unknown;SINGLE;4324;;;;;;;
18.04.2026 23:36;QuickSort;Array;25000;int;Random;50;Left;Unknown;SINGLE;4249;;;;;;;
18.04.2026 23:36;QuickSort;Array;25000;int;Random;50;Left;Unknown;SINGLE;4251;;;;;;;
18.04.2026 23:36;QuickSort;Array;25000;int;Random;50;Left;Unknown;SINGLE;5590;;;;;;;
18.04.2026 23:36;QuickSort;Array;25000;int;Random;50;Left;Unknown;SINGLE;4257;;;;;;;
18.04.2026 23:36;QuickSort;Array;25000;int;Random;50;Left;Unknown;SINGLE;4251;;;;;;;
18.04.2026 23:36;QuickSort;Array;25000;int;Random;50;Left;Unknown;SINGLE;4384;;;;;;;
18.04.2026 23:36;QuickSort;Array;25000;int;Random;50;Left;Unknown;SINGLE;4845;;;;;;;
18.04.2026 23:36;QuickSort;Array;25000;int;Random;50;Left;Unknown;SINGLE;4273;;;;;;;
18.04.2026 23:36;QuickSort;Array;25000;int;Random;50;Left;Unknown;SINGLE;4265;;;;;;;
18.04.2026 23:36;QuickSort;Array;25000;int;Random;50;Left;Unknown;SINGLE;4361;;;;;;;
18.04.2026 23:36;QuickSort;Array;25000;int;Random;50;Left;Unknown;SINGLE;4250;;;;;;;
18.04.2026 23:36;QuickSort;Array;25000;int;Random;50;Left;Unknown;SINGLE;4295;;;;;;;
18.04.2026 23:36;QuickSort;Array;25000;int;Random;50;Left;Unknown;SINGLE;4346;;;;;;;
18.04.2026 23:36;QuickSort;Array;25000;int;Random;50;Left;Unknown;SINGLE;4242;;;;;;;
18.04.2026 23:36;QuickSort;Array;25000;int;Random;50;Left;Unknown;SINGLE;4231;;;;;;;
18.04.2026 23:36;QuickSort;Array;25000;int;Random;50;Left;Unknown;SINGLE;4260;;;;;;;
18.04.2026 23:36;QuickSort;Array;25000;int;Random;50;Left;Unknown;SINGLE;4353;;;;;;;
18.04.2026 23:36;QuickSort;Array;25000;int;Random;50;Left;Unknown;SINGLE;4252;;;;;;;
18.04.2026 23:36;QuickSort;Array;25000;int;Random;50;Left;Unknown;SINGLE;4281;;;;;;;
18.04.2026 23:36;QuickSort;Array;25000;int;Random;50;Left;Unknown;SINGLE;4333;;;;;;;
18.04.2026 23:36;QuickSort;Array;25000;int;Random;50;Left;Unknown;SINGLE;4251;;;;;;;
18.04.2026 23:36;QuickSort;Array;25000;int;Random;50;Left;Unknown;SINGLE;4254;;;;;;;
18.04.2026 23:36;QuickSort;Array;25000;int;Random;50;Left;Unknown;SINGLE;4298;;;;;;;
18.04.2026 23:36;QuickSort;Array;25000;int;Random;50;Left;Unknown;SINGLE;4362;;;;;;;
18.04.2026 23:36;QuickSort;Array;25000;int;Random;50;Left;Unknown;SINGLE;4260;;;;;;;
18.04.2026 23:36;QuickSort;Array;25000;int;Random;50;Left;Unknown;SINGLE;4282;;;;;;;
18.04.2026 23:36;QuickSort;Array;25000;int;Random;50;Left;Unknown;SINGLE;4248;;;;;;;
18.04.2026 23:36;QuickSort;Array;25000;int;Random;50;Left;Unknown;SINGLE;5340;;;;;;;
18.04.2026 23:36;QuickSort;Array;25000;int;Random;50;Left;Unknown;SINGLE;4305;;;;;;;
;;;;;;;;;AVG;4382;;;;;;;
;;;;;;;;;MIN;4231;;;;;;;
;;;;;;;;;MAX;5590;;;;;;;
18.04.2026 23:36;QuickSort;Array;25000;int;Random;50;Right;Unknown;SINGLE;4152;;;;;;;
18.04.2026 23:36;QuickSort;Array;25000;int;Random;50;Right;Unknown;SINGLE;4131;;;;;;;
18.04.2026 23:36;QuickSort;Array;25000;int;Random;50;Right;Unknown;SINGLE;4160;;;;;;;
18.04.2026 23:36;QuickSort;Array;25000;int;Random;50;Right;Unknown;SINGLE;4108;;;;;;;
18.04.2026 23:36;QuickSort;Array;25000;int;Random;50;Right;Unknown;SINGLE;4129;;;;;;;
18.04.2026 23:36;QuickSort;Array;25000;int;Random;50;Right;Unknown;SINGLE;4100;;;;;;;
18.04.2026 23:36;QuickSort;Array;25000;int;Random;50;Right;Unknown;SINGLE;5334;;;;;;;
18.04.2026 23:36;QuickSort;Array;25000;int;Random;50;Right;Unknown;SINGLE;4154;;;;;;;
18.04.2026 23:36;QuickSort;Array;25000;int;Random;50;Right;Unknown;SINGLE;4119;;;;;;;
18.04.2026 23:36;QuickSort;Array;25000;int;Random;50;Right;Unknown;SINGLE;4111;;;;;;;
18.04.2026 23:36;QuickSort;Array;25000;int;Random;50;Right;Unknown;SINGLE;5548;;;;;;;
18.04.2026 23:36;QuickSort;Array;25000;int;Random;50;Right;Unknown;SINGLE;4117;;;;;;;
18.04.2026 23:36;QuickSort;Array;25000;int;Random;50;Right;Unknown;SINGLE;4115;;;;;;;
18.04.2026 23:36;QuickSort;Array;25000;int;Random;50;Right;Unknown;SINGLE;4180;;;;;;;
18.04.2026 23:36;QuickSort;Array;25000;int;Random;50;Right;Unknown;SINGLE;4145;;;;;;;
18.04.2026 23:36;QuickSort;Array;25000;int;Random;50;Right;Unknown;SINGLE;4110;;;;;;;
18.04.2026 23:36;QuickSort;Array;25000;int;Random;50;Right;Unknown;SINGLE;4105;;;;;;;
18.04.2026 23:36;QuickSort;Array;25000;int;Random;50;Right;Unknown;SINGLE;4168;;;;;;;
18.04.2026 23:36;QuickSort;Array;25000;int;Random;50;Right;Unknown;SINGLE;4115;;;;;;;
18.04.2026 23:36;QuickSort;Array;25000;int;Random;50;Right;Unknown;SINGLE;4116;;;;;;;
18.04.2026 23:36;QuickSort;Array;25000;int;Random;50;Right;Unknown;SINGLE;4249;;;;;;;
18.04.2026 23:36;QuickSort;Array;25000;int;Random;50;Right;Unknown;SINGLE;4168;;;;;;;
18.04.2026 23:36;QuickSort;Array;25000;int;Random;50;Right;Unknown;SINGLE;4094;;;;;;;
18.04.2026 23:36;QuickSort;Array;25000;int;Random;50;Right;Unknown;SINGLE;4107;;;;;;;
18.04.2026 23:36;QuickSort;Array;25000;int;Random;50;Right;Unknown;SINGLE;4219;;;;;;;
18.04.2026 23:36;QuickSort;Array;25000;int;Random;50;Right;Unknown;SINGLE;4119;;;;;;;
18.04.2026 23:36;QuickSort;Array;25000;int;Random;50;Right;Unknown;SINGLE;4101;;;;;;;
18.04.2026 23:36;QuickSort;Array;25000;int;Random;50;Right;Unknown;SINGLE;4167;;;;;;;
18.04.2026 23:36;QuickSort;Array;25000;int;Random;50;Right;Unknown;SINGLE;4134;;;;;;;
18.04.2026 23:36;QuickSort;Array;25000;int;Random;50;Right;Unknown;SINGLE;4147;;;;;;;
18.04.2026 23:36;QuickSort;Array;25000;int;Random;50;Right;Unknown;SINGLE;4112;;;;;;;
18.04.2026 23:36;QuickSort;Array;25000;int;Random;50;Right;Unknown;SINGLE;4185;;;;;;;
18.04.2026 23:36;QuickSort;Array;25000;int;Random;50;Right;Unknown;SINGLE;4113;;;;;;;
18.04.2026 23:36;QuickSort;Array;25000;int;Random;50;Right;Unknown;SINGLE;4108;;;;;;;
18.04.2026 23:36;QuickSort;Array;25000;int;Random;50;Right;Unknown;SINGLE;4111;;;;;;;
18.04.2026 23:36;QuickSort;Array;25000;int;Random;50;Right;Unknown;SINGLE;4184;;;;;;;
18.04.2026 23:36;QuickSort;Array;25000;int;Random;50;Right;Unknown;SINGLE;4113;;;;;;;
18.04.2026 23:36;QuickSort;Array;25000;int;Random;50;Right;Unknown;SINGLE;4065;;;;;;;
18.04.2026 23:36;QuickSort;Array;25000;int;Random;50;Right;Unknown;SINGLE;4057;;;;;;;
18.04.2026 23:36;QuickSort;Array;25000;int;Random;50;Right;Unknown;SINGLE;4170;;;;;;;
18.04.2026 23:36;QuickSort;Array;25000;int;Random;50;Right;Unknown;SINGLE;4124;;;;;;;
18.04.2026 23:36;QuickSort;Array;25000;int;Random;50;Right;Unknown;SINGLE;4089;;;;;;;
18.04.2026 23:36;QuickSort;Array;25000;int;Random;50;Right;Unknown;SINGLE;4154;;;;;;;
18.04.2026 23:36;QuickSort;Array;25000;int;Random;50;Right;Unknown;SINGLE;4129;;;;;;;
18.04.2026 23:36;QuickSort;Array;25000;int;Random;50;Right;Unknown;SINGLE;4096;;;;;;;
18.04.2026 23:36;QuickSort;Array;25000;int;Random;50;Right;Unknown;SINGLE;4090;;;;;;;
18.04.2026 23:36;QuickSort;Array;25000;int;Random;50;Right;Unknown;SINGLE;4203;;;;;;;
18.04.2026 23:36;QuickSort;Array;25000;int;Random;50;Right;Unknown;SINGLE;4117;;;;;;;
18.04.2026 23:36;QuickSort;Array;25000;int;Random;50;Right;Unknown;SINGLE;4114;;;;;;;
18.04.2026 23:36;QuickSort;Array;25000;int;Random;50;Right;Unknown;SINGLE;4135;;;;;;;
;;;;;;;;;AVG;4183;;;;;;;
;;;;;;;;;MIN;4057;;;;;;;
;;;;;;;;;MAX;5548;;;;;;;
18.04.2026 23:36;QuickSort;Array;25000;int;Random;50;Middle;Unknown;SINGLE;4165;;;;;;;
18.04.2026 23:36;QuickSort;Array;25000;int;Random;50;Middle;Unknown;SINGLE;4094;;;;;;;
18.04.2026 23:36;QuickSort;Array;25000;int;Random;50;Middle;Unknown;SINGLE;4086;;;;;;;
18.04.2026 23:36;QuickSort;Array;25000;int;Random;50;Middle;Unknown;SINGLE;4129;;;;;;;
18.04.2026 23:36;QuickSort;Array;25000;int;Random;50;Middle;Unknown;SINGLE;4134;;;;;;;
18.04.2026 23:36;QuickSort;Array;25000;int;Random;50;Middle;Unknown;SINGLE;4082;;;;;;;
18.04.2026 23:36;QuickSort;Array;25000;int;Random;50;Middle;Unknown;SINGLE;4092;;;;;;;
18.04.2026 23:36;QuickSort;Array;25000;int;Random;50;Middle;Unknown;SINGLE;4123;;;;;;;
18.04.2026 23:36;QuickSort;Array;25000;int;Random;50;Middle;Unknown;SINGLE;4079;;;;;;;
18.04.2026 23:36;QuickSort;Array;25000;int;Random;50;Middle;Unknown;SINGLE;4075;;;;;;;
18.04.2026 23:36;QuickSort;Array;25000;int;Random;50;Middle;Unknown;SINGLE;4113;;;;;;;
18.04.2026 23:36;QuickSort;Array;25000;int;Random;50;Middle;Unknown;SINGLE;4104;;;;;;;
18.04.2026 23:36;QuickSort;Array;25000;int;Random;50;Middle;Unknown;SINGLE;4071;;;;;;;
18.04.2026 23:36;QuickSort;Array;25000;int;Random;50;Middle;Unknown;SINGLE;4075;;;;;;;
18.04.2026 23:36;QuickSort;Array;25000;int;Random;50;Middle;Unknown;SINGLE;4116;;;;;;;
18.04.2026 23:36;QuickSort;Array;25000;int;Random;50;Middle;Unknown;SINGLE;4139;;;;;;;
18.04.2026 23:36;QuickSort;Array;25000;int;Random;50;Middle;Unknown;SINGLE;4085;;;;;;;
18.04.2026 23:36;QuickSort;Array;25000;int;Random;50;Middle;Unknown;SINGLE;4129;;;;;;;
18.04.2026 23:36;QuickSort;Array;25000;int;Random;50;Middle;Unknown;SINGLE;4132;;;;;;;
18.04.2026 23:36;QuickSort;Array;25000;int;Random;50;Middle;Unknown;SINGLE;4085;;;;;;;
18.04.2026 23:36;QuickSort;Array;25000;int;Random;50;Middle;Unknown;SINGLE;4068;;;;;;;
18.04.2026 23:36;QuickSort;Array;25000;int;Random;50;Middle;Unknown;SINGLE;4076;;;;;;;
18.04.2026 23:36;QuickSort;Array;25000;int;Random;50;Middle;Unknown;SINGLE;4172;;;;;;;
18.04.2026 23:36;QuickSort;Array;25000;int;Random;50;Middle;Unknown;SINGLE;4072;;;;;;;
18.04.2026 23:36;QuickSort;Array;25000;int;Random;50;Middle;Unknown;SINGLE;4106;;;;;;;
18.04.2026 23:36;QuickSort;Array;25000;int;Random;50;Middle;Unknown;SINGLE;4314;;;;;;;
18.04.2026 23:36;QuickSort;Array;25000;int;Random;50;Middle;Unknown;SINGLE;4109;;;;;;;
18.04.2026 23:36;QuickSort;Array;25000;int;Random;50;Middle;Unknown;SINGLE;4080;;;;;;;
18.04.2026 23:36;QuickSort;Array;25000;int;Random;50;Middle;Unknown;SINGLE;4118;;;;;;;
18.04.2026 23:36;QuickSort;Array;25000;int;Random;50;Middle;Unknown;SINGLE;4148;;;;;;;
18.04.2026 23:36;QuickSort;Array;25000;int;Random;50;Middle;Unknown;SINGLE;4180;;;;;;;
18.04.2026 23:36;QuickSort;Array;25000;int;Random;50;Middle;Unknown;SINGLE;4111;;;;;;;
18.04.2026 23:36;QuickSort;Array;25000;int;Random;50;Middle;Unknown;SINGLE;4072;;;;;;;
18.04.2026 23:36;QuickSort;Array;25000;int;Random;50;Middle;Unknown;SINGLE;4474;;;;;;;
18.04.2026 23:36;QuickSort;Array;25000;int;Random;50;Middle;Unknown;SINGLE;4087;;;;;;;
18.04.2026 23:36;QuickSort;Array;25000;int;Random;50;Middle;Unknown;SINGLE;4112;;;;;;;
18.04.2026 23:36;QuickSort;Array;25000;int;Random;50;Middle;Unknown;SINGLE;4602;;;;;;;
18.04.2026 23:36;QuickSort;Array;25000;int;Random;50;Middle;Unknown;SINGLE;4320;;;;;;;
18.04.2026 23:36;QuickSort;Array;25000;int;Random;50;Middle;Unknown;SINGLE;4194;;;;;;;
18.04.2026 23:36;QuickSort;Array;25000;int;Random;50;Middle;Unknown;SINGLE;4119;;;;;;;
18.04.2026 23:36;QuickSort;Array;25000;int;Random;50;Middle;Unknown;SINGLE;4359;;;;;;;
18.04.2026 23:36;QuickSort;Array;25000;int;Random;50;Middle;Unknown;SINGLE;4266;;;;;;;
18.04.2026 23:36;QuickSort;Array;25000;int;Random;50;Middle;Unknown;SINGLE;4137;;;;;;;
18.04.2026 23:36;QuickSort;Array;25000;int;Random;50;Middle;Unknown;SINGLE;4242;;;;;;;
18.04.2026 23:36;QuickSort;Array;25000;int;Random;50;Middle;Unknown;SINGLE;4112;;;;;;;
18.04.2026 23:36;QuickSort;Array;25000;int;Random;50;Middle;Unknown;SINGLE;4119;;;;;;;
18.04.2026 23:36;QuickSort;Array;25000;int;Random;50;Middle;Unknown;SINGLE;4093;;;;;;;
18.04.2026 23:36;QuickSort;Array;25000;int;Random;50;Middle;Unknown;SINGLE;4208;;;;;;;
18.04.2026 23:36;QuickSort;Array;25000;int;Random;50;Middle;Unknown;SINGLE;4087;;;;;;;
18.04.2026 23:36;QuickSort;Array;25000;int;Random;50;Middle;Unknown;SINGLE;4160;;;;;;;
;;;;;;;;;AVG;4148;;;;;;;
;;;;;;;;;MIN;4068;;;;;;;
;;;;;;;;;MAX;4602;;;;;;;
18.04.2026 23:36;ShellSort;Array;25000;int;Random;50;Unknown;original;SINGLE;6355;;;;;;;
18.04.2026 23:36;ShellSort;Array;25000;int;Random;50;Unknown;original;SINGLE;6933;;;;;;;
18.04.2026 23:36;ShellSort;Array;25000;int;Random;50;Unknown;original;SINGLE;6339;;;;;;;
18.04.2026 23:36;ShellSort;Array;25000;int;Random;50;Unknown;original;SINGLE;6286;;;;;;;
18.04.2026 23:36;ShellSort;Array;25000;int;Random;50;Unknown;original;SINGLE;7302;;;;;;;
18.04.2026 23:36;ShellSort;Array;25000;int;Random;50;Unknown;original;SINGLE;6287;;;;;;;
18.04.2026 23:36;ShellSort;Array;25000;int;Random;50;Unknown;original;SINGLE;6383;;;;;;;
18.04.2026 23:36;ShellSort;Array;25000;int;Random;50;Unknown;original;SINGLE;6269;;;;;;;
18.04.2026 23:36;ShellSort;Array;25000;int;Random;50;Unknown;original;SINGLE;6358;;;;;;;
18.04.2026 23:36;ShellSort;Array;25000;int;Random;50;Unknown;original;SINGLE;6350;;;;;;;
18.04.2026 23:36;ShellSort;Array;25000;int;Random;50;Unknown;original;SINGLE;6258;;;;;;;
18.04.2026 23:36;ShellSort;Array;25000;int;Random;50;Unknown;original;SINGLE;6495;;;;;;;
18.04.2026 23:36;ShellSort;Array;25000;int;Random;50;Unknown;original;SINGLE;6268;;;;;;;
18.04.2026 23:36;ShellSort;Array;25000;int;Random;50;Unknown;original;SINGLE;6850;;;;;;;
18.04.2026 23:36;ShellSort;Array;25000;int;Random;50;Unknown;original;SINGLE;6286;;;;;;;
18.04.2026 23:36;ShellSort;Array;25000;int;Random;50;Unknown;original;SINGLE;6354;;;;;;;
18.04.2026 23:36;ShellSort;Array;25000;int;Random;50;Unknown;original;SINGLE;6317;;;;;;;
18.04.2026 23:36;ShellSort;Array;25000;int;Random;50;Unknown;original;SINGLE;6264;;;;;;;
18.04.2026 23:36;ShellSort;Array;25000;int;Random;50;Unknown;original;SINGLE;7708;;;;;;;
18.04.2026 23:36;ShellSort;Array;25000;int;Random;50;Unknown;original;SINGLE;6292;;;;;;;
18.04.2026 23:36;ShellSort;Array;25000;int;Random;50;Unknown;original;SINGLE;6408;;;;;;;
18.04.2026 23:36;ShellSort;Array;25000;int;Random;50;Unknown;original;SINGLE;6297;;;;;;;
18.04.2026 23:36;ShellSort;Array;25000;int;Random;50;Unknown;original;SINGLE;6283;;;;;;;
18.04.2026 23:36;ShellSort;Array;25000;int;Random;50;Unknown;original;SINGLE;6344;;;;;;;
18.04.2026 23:36;ShellSort;Array;25000;int;Random;50;Unknown;original;SINGLE;6268;;;;;;;
18.04.2026 23:36;ShellSort;Array;25000;int;Random;50;Unknown;original;SINGLE;6396;;;;;;;
18.04.2026 23:36;ShellSort;Array;25000;int;Random;50;Unknown;original;SINGLE;6378;;;;;;;
18.04.2026 23:36;ShellSort;Array;25000;int;Random;50;Unknown;original;SINGLE;6545;;;;;;;
18.04.2026 23:36;ShellSort;Array;25000;int;Random;50;Unknown;original;SINGLE;6639;;;;;;;
18.04.2026 23:36;ShellSort;Array;25000;int;Random;50;Unknown;original;SINGLE;6360;;;;;;;
18.04.2026 23:36;ShellSort;Array;25000;int;Random;50;Unknown;original;SINGLE;6769;;;;;;;
18.04.2026 23:36;ShellSort;Array;25000;int;Random;50;Unknown;original;SINGLE;6288;;;;;;;
18.04.2026 23:36;ShellSort;Array;25000;int;Random;50;Unknown;original;SINGLE;6339;;;;;;;
18.04.2026 23:36;ShellSort;Array;25000;int;Random;50;Unknown;original;SINGLE;6414;;;;;;;
18.04.2026 23:36;ShellSort;Array;25000;int;Random;50;Unknown;original;SINGLE;6698;;;;;;;
18.04.2026 23:36;ShellSort;Array;25000;int;Random;50;Unknown;original;SINGLE;6280;;;;;;;
18.04.2026 23:36;ShellSort;Array;25000;int;Random;50;Unknown;original;SINGLE;6341;;;;;;;
18.04.2026 23:36;ShellSort;Array;25000;int;Random;50;Unknown;original;SINGLE;6644;;;;;;;
18.04.2026 23:36;ShellSort;Array;25000;int;Random;50;Unknown;original;SINGLE;6267;;;;;;;
18.04.2026 23:36;ShellSort;Array;25000;int;Random;50;Unknown;original;SINGLE;6416;;;;;;;
18.04.2026 23:36;ShellSort;Array;25000;int;Random;50;Unknown;original;SINGLE;6360;;;;;;;
18.04.2026 23:36;ShellSort;Array;25000;int;Random;50;Unknown;original;SINGLE;6398;;;;;;;
18.04.2026 23:36;ShellSort;Array;25000;int;Random;50;Unknown;original;SINGLE;6480;;;;;;;
18.04.2026 23:36;ShellSort;Array;25000;int;Random;50;Unknown;original;SINGLE;6313;;;;;;;
18.04.2026 23:36;ShellSort;Array;25000;int;Random;50;Unknown;original;SINGLE;6445;;;;;;;
18.04.2026 23:36;ShellSort;Array;25000;int;Random;50;Unknown;original;SINGLE;6285;;;;;;;
18.04.2026 23:36;ShellSort;Array;25000;int;Random;50;Unknown;original;SINGLE;6741;;;;;;;
18.04.2026 23:36;ShellSort;Array;25000;int;Random;50;Unknown;original;SINGLE;6302;;;;;;;
18.04.2026 23:36;ShellSort;Array;25000;int;Random;50;Unknown;original;SINGLE;6317;;;;;;;
18.04.2026 23:36;ShellSort;Array;25000;int;Random;50;Unknown;original;SINGLE;6367;;;;;;;
;;;;;;;;;AVG;6446;;;;;;;
;;;;;;;;;MIN;6258;;;;;;;
;;;;;;;;;MAX;7708;;;;;;;
18.04.2026 23:36;ShellSort;Array;25000;int;Random;50;Unknown;Knutha;SINGLE;5354;;;;;;;
18.04.2026 23:36;ShellSort;Array;25000;int;Random;50;Unknown;Knutha;SINGLE;5323;;;;;;;
18.04.2026 23:36;ShellSort;Array;25000;int;Random;50;Unknown;Knutha;SINGLE;5283;;;;;;;
18.04.2026 23:36;ShellSort;Array;25000;int;Random;50;Unknown;Knutha;SINGLE;5403;;;;;;;
18.04.2026 23:36;ShellSort;Array;25000;int;Random;50;Unknown;Knutha;SINGLE;5311;;;;;;;
18.04.2026 23:36;ShellSort;Array;25000;int;Random;50;Unknown;Knutha;SINGLE;5307;;;;;;;
18.04.2026 23:36;ShellSort;Array;25000;int;Random;50;Unknown;Knutha;SINGLE;5336;;;;;;;
18.04.2026 23:36;ShellSort;Array;25000;int;Random;50;Unknown;Knutha;SINGLE;5267;;;;;;;
18.04.2026 23:36;ShellSort;Array;25000;int;Random;50;Unknown;Knutha;SINGLE;5888;;;;;;;
18.04.2026 23:36;ShellSort;Array;25000;int;Random;50;Unknown;Knutha;SINGLE;5369;;;;;;;
18.04.2026 23:36;ShellSort;Array;25000;int;Random;50;Unknown;Knutha;SINGLE;5292;;;;;;;
18.04.2026 23:36;ShellSort;Array;25000;int;Random;50;Unknown;Knutha;SINGLE;5434;;;;;;;
18.04.2026 23:36;ShellSort;Array;25000;int;Random;50;Unknown;Knutha;SINGLE;5329;;;;;;;
18.04.2026 23:36;ShellSort;Array;25000;int;Random;50;Unknown;Knutha;SINGLE;5315;;;;;;;
18.04.2026 23:36;ShellSort;Array;25000;int;Random;50;Unknown;Knutha;SINGLE;5613;;;;;;;
18.04.2026 23:36;ShellSort;Array;25000;int;Random;50;Unknown;Knutha;SINGLE;5284;;;;;;;
18.04.2026 23:36;ShellSort;Array;25000;int;Random;50;Unknown;Knutha;SINGLE;5284;;;;;;;
18.04.2026 23:36;ShellSort;Array;25000;int;Random;50;Unknown;Knutha;SINGLE;5352;;;;;;;
18.04.2026 23:36;ShellSort;Array;25000;int;Random;50;Unknown;Knutha;SINGLE;5286;;;;;;;
18.04.2026 23:36;ShellSort;Array;25000;int;Random;50;Unknown;Knutha;SINGLE;5286;;;;;;;
18.04.2026 23:36;ShellSort;Array;25000;int;Random;50;Unknown;Knutha;SINGLE;5417;;;;;;;
18.04.2026 23:36;ShellSort;Array;25000;int;Random;50;Unknown;Knutha;SINGLE;5258;;;;;;;
18.04.2026 23:36;ShellSort;Array;25000;int;Random;50;Unknown;Knutha;SINGLE;5312;;;;;;;
18.04.2026 23:36;ShellSort;Array;25000;int;Random;50;Unknown;Knutha;SINGLE;5435;;;;;;;
18.04.2026 23:36;ShellSort;Array;25000;int;Random;50;Unknown;Knutha;SINGLE;5272;;;;;;;
18.04.2026 23:36;ShellSort;Array;25000;int;Random;50;Unknown;Knutha;SINGLE;5261;;;;;;;
18.04.2026 23:36;ShellSort;Array;25000;int;Random;50;Unknown;Knutha;SINGLE;5525;;;;;;;
18.04.2026 23:36;ShellSort;Array;25000;int;Random;50;Unknown;Knutha;SINGLE;5292;;;;;;;
18.04.2026 23:36;ShellSort;Array;25000;int;Random;50;Unknown;Knutha;SINGLE;5550;;;;;;;
18.04.2026 23:36;ShellSort;Array;25000;int;Random;50;Unknown;Knutha;SINGLE;5264;;;;;;;
18.04.2026 23:36;ShellSort;Array;25000;int;Random;50;Unknown;Knutha;SINGLE;5259;;;;;;;
18.04.2026 23:36;ShellSort;Array;25000;int;Random;50;Unknown;Knutha;SINGLE;5372;;;;;;;
18.04.2026 23:36;ShellSort;Array;25000;int;Random;50;Unknown;Knutha;SINGLE;5256;;;;;;;
18.04.2026 23:36;ShellSort;Array;25000;int;Random;50;Unknown;Knutha;SINGLE;5258;;;;;;;
18.04.2026 23:36;ShellSort;Array;25000;int;Random;50;Unknown;Knutha;SINGLE;5460;;;;;;;
18.04.2026 23:36;ShellSort;Array;25000;int;Random;50;Unknown;Knutha;SINGLE;5269;;;;;;;
18.04.2026 23:36;ShellSort;Array;25000;int;Random;50;Unknown;Knutha;SINGLE;5257;;;;;;;
18.04.2026 23:36;ShellSort;Array;25000;int;Random;50;Unknown;Knutha;SINGLE;5658;;;;;;;
18.04.2026 23:36;ShellSort;Array;25000;int;Random;50;Unknown;Knutha;SINGLE;5283;;;;;;;
18.04.2026 23:36;ShellSort;Array;25000;int;Random;50;Unknown;Knutha;SINGLE;5303;;;;;;;
18.04.2026 23:36;ShellSort;Array;25000;int;Random;50;Unknown;Knutha;SINGLE;5491;;;;;;;
18.04.2026 23:36;ShellSort;Array;25000;int;Random;50;Unknown;Knutha;SINGLE;5277;;;;;;;
18.04.2026 23:36;ShellSort;Array;25000;int;Random;50;Unknown;Knutha;SINGLE;5305;;;;;;;
18.04.2026 23:36;ShellSort;Array;25000;int;Random;50;Unknown;Knutha;SINGLE;5365;;;;;;;
18.04.2026 23:36;ShellSort;Array;25000;int;Random;50;Unknown;Knutha;SINGLE;5272;;;;;;;
18.04.2026 23:36;ShellSort;Array;25000;int;Random;50;Unknown;Knutha;SINGLE;5308;;;;;;;
18.04.2026 23:36;ShellSort;Array;25000;int;Random;50;Unknown;Knutha;SINGLE;5381;;;;;;;
18.04.2026 23:36;ShellSort;Array;25000;int;Random;50;Unknown;Knutha;SINGLE;5273;;;;;;;
18.04.2026 23:36;ShellSort;Array;25000;int;Random;50;Unknown;Knutha;SINGLE;5406;;;;;;;
18.04.2026 23:36;ShellSort;Array;25000;int;Random;50;Unknown;Knutha;SINGLE;5283;;;;;;;
;;;;;;;;;AVG;5352;;;;;;;
;;;;;;;;;MIN;5256;;;;;;;
;;;;;;;;;MAX;5888;;;;;;;
